1,Kelsey,Purral,10000
2,Tabbi,Smečno,10500
3,Lebbie,Nacka,11000
4,Anestassia,Jombang,11500
5,Lizzy,Zielona Góra,12000
6,Gardie,Negotino,12500
7,Burg,Pasirsongket Dua,13000
8,Brina,Pulangbato,13500
9,Gerome,Naguilian,14000
10,Nixie,Tekes,14500
11,Georgiana,Verkhnyaya Toyma,15000
12,Mack,Cradock,15500
13,Burk,Cihambali,16000
14,Fredia,Sambopinggir,16500
15,Boothe,Acolla,17000
16,Gaspar,Sukarara Utara,17500
17,Kendra,Pīrgaaj,18000
18,Gert,Urho,18500
19,Glenda,Venilale,19000
20,Cathyleen,Agana Heights Village,19500
21,Darren,Nanning,20000
22,Pollyanna,Meilin,20500
23,Sibbie,Benzilan,21000
24,Coraline,Cabudare,21500
25,Ede,Le Havre,22000
26,Tresa,Kudamatsu,22500
27,Westley,Skärholmen,23000
28,Poppy,Taznakht,23500
29,Arda,Brejos,24000
30,Anett,Mehrābpur,24500
31,Ardath,Cachachi,25000
32,Wildon,Zdounky,25500
33,Fons,Tlutup,26000
34,Adams,Kurume,26500
35,Bennett,Barranca,27000
36,Franciskus,Baykalovo,27500
37,Marjory,Maonon,28000
38,Rafferty,Buenaventura,28500
39,Phylis,Lindavista,29000
40,Myrtie,Luhačovice,29500
41,Edmund,Jiuheyuan,30000
42,Glenn,Paiçandu,30500
43,Kizzie,Tuapukan,31000
44,Emlyn,Joal-Fadiout,31500
45,Rustie,Chesapeake,32000
46,Elvyn,Pierzchnica,32500
47,Tiffy,Loja,33000
48,Tansy,Long Beach,33500
49,Jelene,Karabash,34000
50,Jessamine,Bingerville,34500
51,Ross,San Justo,35000
52,Cam,Nansha,35500
53,Harrietta,Jirny,36000
54,Jose,Świdnica,36500
55,Nealon,Sanbao,37000
56,Lorrie,Changle,37500
57,Cort,Xiaxi,38000
58,Aime,Ambatofinandrahana,38500
59,Camala,Qinhong,39000
60,Mitchell,Rezé,39500
61,Lacie,Situ,40000
62,Cammy,Dami,40500
63,Mack,Kandava,41000
64,Lib,Gapyeong,41500
65,Ninnette,Shangping,42000
66,Nell,Mohoro,42500
67,Audie,Plavsk,43000
68,Gale,Tugdan,43500
69,Franky,Sannikovo,44000
70,Jarrid,Bornu Yassu,44500
71,Consalve,Mapiripán,45000
72,Renate,Matanza,45500
73,Marion,Debrecen,46000
74,Celesta,Thames,46500
75,Nathalia,Mandesan,47000
76,Andie,Kétou,47500
77,Wilona,Shamva,48000
78,Angele,Al Majd,48500
79,Aurlie,Xiangyang,49000
80,Amandy,Estância,49500
81,Elias,Kondangrege,50000
82,Kurtis,Cahors,50500
83,Torre,Coronel Vivida,51000
84,Rena,Foundiougne,51500
85,Xylia,Tuymazy,52000
86,Carlita,Ustrzyki Dolne,52500
87,Prentice,Mompós,53000
88,Rowney,Kąty Wrocławskie,53500
89,Tonnie,Zaragoza,54000
90,Gustavus,Salor,54500
91,Rosabel,São João dos Inhamuns,55000
92,Philis,Zhijiang,55500
93,Bobbette,Gândara de Aquém,56000
94,Ibbie,Sanxi,56500
95,Geralda,Piraí do Sul,57000
96,Devina,Kasimov,57500
97,Creigh,Nadrupe,58000
98,Faustina,Jiaokui,58500
99,Scotty,Lingyuan,59000
100,Rhiamon,Pacaembu,59500
101,Pepita,Uglegorsk,60000
102,Carol-jean,Zubtsov,60500
103,Blayne,Madrid,61000
104,Gal,Khokhryaki,61500
105,Josefa,Housuo,62000
106,Rancell,Mesa,62500
107,Lynde,Issy-les-Moulineaux,63000
108,Charlene,Nossa Senhora da Glória,63500
109,Marsiella,Zerok-Alakadari,64000
110,Reggy,Porto Velho,64500
111,Alexandre,Uitiuhtuan,65000
112,Vally,Lengkongsari,65500
113,Cordey,Peñarrubia,66000
114,Robbie,Novokubansk,66500
115,Dun,Matara,67000
116,Griz,Chenfangji,67500
117,Ketti,Bitaogan,68000
118,Yolanthe,San Ramón,68500
119,Papageno,Borovskiy,69000
120,Jaymie,Gucun,69500
121,Micky,Tierra Blanca,70000
122,Gallard,Korets’,70500
123,Rani,Rejoso,71000
124,Merridie,Aubervilliers,71500
125,Audre,Vincennes,72000
126,Elfie,Zhoukou,72500
127,Bethanne,Xinmin,73000
128,Addy,Krzepice,73500
129,Arvy,Coronda,74000
130,Baryram,Tacoma,74500
131,Vladamir,Yamrat,75000
132,Christina,Sivaki,75500
133,Sofia,Cabugao,76000
134,Archibold,Sadkowice,76500
135,Carolyn,Bang Phae,77000
136,Darcee,Kameoka,77500
137,Yardley,Pategi,78000
138,Holli,Ronneby,78500
139,Jedediah,Plérin,79000
140,Case,Budapest,79500
141,Jerrie,Balkanabat,80000
142,Patton,Xinan,80500
143,Peria,Bayombong,81000
144,Brenda,Tsybulevka,81500
145,Eddy,Rybí,82000
146,Florella,Muñoz East,82500
147,Flin,Iganga,83000
148,Golda,Huyunxiang,83500
149,Vernor,Niba,84000
150,Franny,Strasbourg,84500
151,Othella,Tidaholm,85000
152,Homer,Novhorod-Sivers’kyy,85500
153,Dehlia,Zdounky,86000
154,Quintilla,Joaquín Suárez,86500
155,Kliment,Linao,87000
156,Nester,Alqueva,87500
157,Mickie,Na Muen,88000
158,Derry,Xiaoling,88500
159,Nicolas,Dolgoderevenskoye,89000
160,Ivar,Wangzuizi,89500
161,Gael,Kranuan,90000
162,Quinlan,Mengjia,90500
163,Wendell,Ijebu-Ife,91000
164,Julina,Ingenio,91500
165,Marabel,Denver,92000
166,Dasi,Karangsono,92500
167,Sky,Grenoble,93000
168,Cammy,Scholkine,93500
169,Celeste,Perpignan,94000
170,Woodman,Karano,94500
171,Taddeusz,Gudauta,95000
172,Gwenora,Khulo,95500
173,Ree,Kharovsk,96000
174,Di,Koukkuniemi,96500
175,Lesly,Baishuiyang,97000
176,Kimberlyn,Ermelo,97500
177,Rana,Golacir,98000
178,Sergei,Dayton,98500
179,Mersey,Berber,99000
180,Jarret,Qiaojia,99500
181,Nathalia,Sawahan,100000
182,Nerta,Kävlinge,100500
183,Isa,Novki,101000
184,Tiena,Baní,101500
185,Stormy,Ciherang,102000
186,Broderic,Paucar,102500
187,Sibylla,Tanshan,103000
188,Meghan,Heshi,103500
189,Llywellyn,Igurubi,104000
190,Carline,Rueil-Malmaison,104500
191,Clarance,Delareyville,105000
192,Isador,Dazhou,105500
193,Rockwell,Bulembu,106000
194,Lucy,Kadumelati,106500
195,Kamillah,Cabungan,107000
196,Joanie,Ocuviri,107500
197,Lauritz,Paranaíba,108000
198,Daryl,Salimbao,108500
199,Pier,Huazhaizi,109000
200,Carolee,Winong,109500
201,Blake,Najin,110000
202,Siusan,Xiejiatan,110500
203,Sigfried,Straszyn,111000
204,Hadlee,Lokorae,111500
205,Selle,Maracás,112000
206,Avril,Tsiombe,112500
207,Ezekiel,Neuville,113000
208,Glory,Östhammar,113500
209,Maudie,Sibbo,114000
210,Toby,Talipan,114500
211,Deidre,Mochishche,115000
212,Cathy,Hongtu,115500
213,Nanny,Drachten,116000
214,Bran,Dadoupu,116500
215,Joanne,Puma,117000
216,Alfy,Holoriang,117500
217,Lezley,Danyang,118000
218,Ynez,Petrovo-Dal’neye,118500
219,Alphonso,Emin,119000
220,Olva,Daszewice,119500
221,Jesse,Barrie,120000
222,Doti,Veinticinco de Mayo,120500
223,Mattie,Apodi,121000
224,Vergil,Grugul,121500
225,Kele,Novi Karlovci,122000
226,Andros,San Andrés,122500
227,Kelci,Wuyun,123000
228,Gertrude,Kafr Kannā,123500
229,Merry,Tepusteca,124000
230,Ina,Napalitan,124500
231,Harper,Salimbao,125000
232,Hill,Manzurka,125500
233,Early,Masty,126000
234,Yvor,Sayang Lauq,126500
235,Danette,Kongsvinger,127000
236,Ginnifer,Quintã,127500
237,Hertha,Bacun,128000
238,Maren,Swinford,128500
239,Adela,Bologna,129000
240,Ewen,Firminy,129500
241,Edith,Lakki Marwat,130000
242,Lilyan,Máncora,130500
243,Delphine,Overyata,131000
244,Laina,El Coco,131500
245,Mallory,Kiukainen,132000
246,Gallagher,Sovetskoye,132500
247,Kelsey,Roshchino,133000
248,Lynnell,Villa del Carmen,133500
249,Charmane,Zouila,134000
250,Bil,Mogoditshane,134500
251,Bourke,Pjanići,135000
252,Codi,Martin,135500
253,Johnath,Oenopu,136000
254,Major,Xinji,136500
255,Jojo,Boleszkowice,137000
256,Orlando,Legen,137500
257,Robinetta,Kertabumi,138000
258,Zonda,Shimen,138500
259,Toiboid,Gudang,139000
260,Renee,Wŏnju,139500
261,Katha,Buldon,140000
262,Ronalda,Lékhaio,140500
263,Welsh,Xinglong,141000
264,Caralie,Kalininskiy,141500
265,Vere,La Gloria,142000
266,Althea,Zhagang,142500
267,Aguste,Wojaszówka,143000
268,Caz,Mengdadazhuang,143500
269,Marshal,Airmadidi,144000
270,Orazio,Rey,144500
271,Fayre,Londiani,145000
272,Demetrius,Plalar,145500
273,Faythe,Ron Phibun,146000
274,Filia,Sydney,146500
275,Geno,Kushtia,147000
276,Sheree,Kachkanar,147500
277,Yoko,Przasnysz,148000
278,Denny,Prinza,148500
279,Lory,Brengkok,149000
280,Xever,Marly-le-Roi,149500
281,Lemmie,Shaliangzi,150000
282,Rosa,Fusagasuga,150500
283,Kris,San Agustin,151000
284,Arly,Nelahozeves,151500
285,Bernardo,Jagistay,152000
286,Irene,Slovenj Gradec,152500
287,Nikolas,Buket Teukuh,153000
288,Harland,Nanshan,153500
289,Nolly,Osiek,154000
290,Jess,Ubiaja,154500
291,Hulda,Umm al Qaywayn,155000
292,Aaron,Mazongshan,155500
293,Hollyanne,Liutan,156000
294,Tad,Itaitinga,156500
295,Ingrid,Yixi,157000
296,Thain,Philadelphia,157500
297,Irv,Tinambacan,158000
298,Dorine,Sandefjord,158500
299,Franni,Suocheng,159000
300,Karrie,Novo Cruzeiro,159500
301,Garret,Kuala Lumpur,160000
302,Benny,Metz,160500
303,Al,Guangyuan,161000
304,Laverne,Naawan,161500
305,Marne,Blumbang,162000
306,Vanya,Shaoha,162500
307,Dulcea,General Arenales,163000
308,Beaufort,Sapat,163500
309,Roderich,Neya,164000
310,Hadley,Crossmolina,164500
311,Benton,La Cruz,165000
312,Farand,Banjar Dauhmargi,165500
313,Tracy,Shebalino,166000
314,Anette,Magdug,166500
315,Gage,Novaya Chigla,167000
316,Dolph,Kafr Miṣr,167500
317,Paul,Cibugel,168000
318,Therine,Gasi,168500
319,Durward,Janes,169000
320,Cinda,Wan Yai,169500
321,Pembroke,Vygonichi,170000
322,Terrel,Las Palmas,170500
323,Adoree,Krajan Tanjungrejo,171000
324,Huey,Ravne,171500
325,Jonas,Rumoi,172000
326,Filip,Ghār al Milḩ,172500
327,Gennie,Tengjia,173000
328,Matthew,Dongguang,173500
329,Ruthe,Paclolo,174000
330,Carlin,Lobito,174500
331,Bonnee,Lühua,175000
332,Tommie,Misheronskiy,175500
333,Eustace,Ansan-si,176000
334,Saleem,Cawalo,176500
335,Gibbie,Vacov,177000
336,Adriaens,Bom Jesus dos Perdões,177500
337,Bethina,Kizhinga,178000
338,Matty,Chillán,178500
339,Graeme,Xiaoyue,179000
340,Helyn,Kvitok,179500
341,Latisha,Yamango,180000
342,Philipa,Chiang Khan,180500
343,Minda,Tlogosari,181000
344,Darcey,Changhan,181500
345,Noel,Guabito,182000
346,Reggy,Danané,182500
347,Andonis,Jiangxiangzhen,183000
348,Wilhelmine,Al Qadarif,183500
349,Kally,Ujar,184000
350,Arnuad,Saint-Augustin,184500
351,Broddie,Río Grande,185000
352,Doralin,Rominimbang,185500
353,Bettye,Timbrangan,186000
354,Chrysler,Taquari,186500
355,Halli,Norton,187000
356,Pedro,Wichit,187500
357,Madelon,Alicante/Alacant,188000
358,Vickie,Gōdo,188500
359,Evangeline,Mosopa,189000
360,Fonz,Barra Velha,189500
361,Neda,Pamotan,190000
362,Sharron,Kuantan,190500
363,Zerk,Carmen,191000
364,Rosalinda,Lhasa,191500
365,Ottilie,Yoro,192000
366,Margarette,Tanjungluar,192500
367,Izak,Quma,193000
368,Kevyn,Chynadiyovo,193500
369,Greer,Silae,194000
370,Lanni,Amieira,194500
371,Ashlan,Huzhou,195000
372,Dawna,Võhma,195500
373,Jeanelle,Côte-Saint-Luc,196000
374,Fay,Salaya,196500
375,Lana,Santa Monica,197000
376,Maible,Gramaços,197500
377,Essy,Cortes,198000
378,Granthem,Adiaké,198500
379,Meta,Anggana,199000
380,Alisha,Duishan,199500
381,Joy,Yaring,200000
382,Janelle,Kaolack,200500
383,Hamid,El Marañón,201000
384,Henrie,Ordos,201500
385,Arron,Xikou,202000
386,Tildie,Glyadyanskoye,202500
387,Gwennie,Bancroft,203000
388,Lonee,Sumberarumkrajan,203500
389,Theodora,Kavála,204000
390,Pavla,Fonte Boa da Brincosa,204500
391,Doralin,Babakanloa,205000
392,Meriel,Shanyang,205500
393,Yvon,Mihara,206000
394,Conan,Moss,206500
395,Barrie,Medang,207000
396,Dierdre,Corrientes,207500
397,Viviyan,Kamyanyets,208000
398,Gibb,Sukasari,208500
399,Amie,Jinta,209000
400,Laurena,Situ,209500
401,Bevan,Lubenia,210000
402,Jacynth,Talashkino,210500
403,Aime,Sveg,211000
404,Gherardo,Jammāl,211500
405,Leela,Tundagan,212000
406,Brion,Svetogorsk,212500
407,Theo,Perm,213000
408,Derby,Hatogaya-honchō,213500
409,Betteanne,Passo,214000
410,Bobbie,Drawno,214500
411,Jeromy,Taurage,215000
412,Duke,Polyarnyy,215500
413,Curr,Wencheng,216000
414,Francklyn,Vendychany,216500
415,Nigel,Kopral,217000
416,Sullivan,Koronadal,217500
417,Finley,Guanambi,218000
418,Calypso,Lugang,218500
419,Roseanna,Caldono,219000
420,Linea,Doghs,219500
421,Caleb,Barong,220000
422,Etty,Lidoríki,220500
423,Pauly,Zoumi,221000
424,Yardley,Örebro,221500
425,Evie,Preston,222000
426,Cora,Prengtale,222500
427,Meaghan,Skrwilno,223000
428,Sophie,Pedra Azul,223500
429,Paola,Dasanlian Lauk,224000
430,Gwenny,Nueva Ocotepeque,224500
431,Kattie,Sartana,225000
432,Dannie,Soukkouma,225500
433,Eleni,Lipiany,226000
434,Millard,Brejoeira,226500
435,Chauncey,Malgobek,227000
436,Annmarie,Santa Cruz,227500
437,Alyce,Bentar,228000
438,Roman,Yunyan,228500
439,Kurtis,Gorzyczki,229000
440,Chloris,Chamni,229500
441,Hyacinthia,Culacling,230000
442,Olimpia,Embu,230500
443,Emmet,Orlovka,231000
444,Eula,Göteborg,231500
445,Hadleigh,Aboisso,232000
446,Edsel,Anse Boileau,232500
447,Giuseppe,Kedungsinggil,233000
448,Alika,Toulon,233500
449,Cob,Zerok-Alakadari,234000
450,Marsha,Skinnskatteberg,234500
451,Purcell,Kamalasai,235000
452,Kristyn,Jasienica,235500
453,Gaylor,Paraíso,236000
454,Tan,Rustam jo Goth,236500
455,Howey,Paritaman,237000
456,Merilee,Kotauneng,237500
457,Farrand,Al Jubayhah,238000
458,Tricia,Campinas,238500
459,Row,Melres,239000
460,Win,Babug,239500
461,Mortie,Mahates,240000
462,Randy,Kishiwada,240500
463,Karisa,Galveias,241000
464,Gilli,Yamaranguila,241500
465,Merissa,Heping,242000
466,Reina,Huatan,242500
467,Cyb,Jianghu,243000
468,Loleta,Fulu,243500
469,Townsend,Potęgowo,244000
470,Dallas,Yandun,244500
471,Englebert,Penglai,245000
472,Melvyn,Januária,245500
473,Marji,Hualingang,246000
474,Zachary,Huashu,246500
475,Pauly,Manga,247000
476,Chrystel,Bagiktinggang,247500
477,Clywd,San Patricio,248000
478,Sacha,Ziliang,248500
479,Brigid,Poligny,249000
480,Bartholomeo,Stavanger,249500
481,Luz,Boden,250000
482,Ernest,Changyuan,250500
483,Mindy,Depok,251000
484,Marcile,Youzai,251500
485,Arlan,El Sombrero,252000
486,Albertina,Liuhou,252500
487,Albertina,Az Zarbah,253000
488,Truman,Holoubkov,253500
489,Chelsae,Tuchoměřice,254000
490,Sheppard,Muyinga,254500
491,Osbert,Toliara,255000
492,Brent,Alta,255500
493,Jess,Ercheng,256000
494,Livy,Cunén,256500
495,Dominique,Khoronk’,257000
496,Elfreda,Deventer,257500
497,Libbie,Jiaoqiao,258000
498,Bella,Tsotsin-Yurt,258500
499,Sherri,Sŭedinenie,259000
500,Marci,Vazhiny,259500
501,Nollie,Bořetice,260000
502,Darlene,Phunphin,260500
503,Rheba,Petaling Jaya,261000
504,Beatrice,Yeri,261500
505,Wendell,Vila Nova de Gaia,262000
506,Micki,Suresnes,262500
507,Marcille,Ōmachi,263000
508,Karil,Ngelak,263500
509,Karel,Villeneuve-la-Garenne,264000
510,Jarad,Presnenskiy,264500
511,Salomo,Manizales,265000
512,Esteban,Qingyun,265500
513,Gillan,Sandakan,266000
514,Petrina,Rzewnie,266500
515,Sonnnie,Belleville,267000
516,Yancey,San Cristóbal,267500
517,Egon,Naju,268000
518,Merna,Panzhuang,268500
519,Brittne,Yélimané,269000
520,Pyotr,Atabayan,269500
521,Leelah,Sobreda,270000
522,Coretta,Pandangan Kulon,270500
523,Fitzgerald,Khulna,271000
524,Judy,Grande Rivière du Nord,271500
525,Halette,Huarong,272000
526,Emmey,Kaiyun,272500
527,Franklin,Néa Palátia,273000
528,Sibella,Odienné,273500
529,Ogden,Jatirejo,274000
530,Syd,Sala,274500
531,Basia,Trafaria,275000
532,Roarke,Yangon,275500
533,Anastasie,Tsu-shi,276000
534,Lynnea,Lincoln,276500
535,Jayme,Villa Consuelo,277000
536,Felike,Salamá,277500
537,Raquel,Eira da Pedra,278000
538,Irita,Sosnovo-Ozerskoye,278500
539,Shaw,Betong,279000
540,Michail,Paris 14,279500
541,Orelia,Ozerki,280000
542,Alene,West Hartford,280500
543,Olimpia,Ganghwa-gun,281000
544,Meredeth,Kumba,281500
545,Sonnnie,Snizhne,282000
546,Guillermo,Estefania,282500
547,Rosalynd,Santa Cruz das Flores,283000
548,Cilka,Castellon De La Plana/Castello De La Pla,283500
549,Spenser,Jambeyan,284000
550,Myrtle,Kalilangan,284500
551,Grace,Kalijeruk,285000
552,Madelaine,Muḩammad Āghah Wuluswālī,285500
553,Madelene,Aracataca,286000
554,Nathalia,Jinping,286500
555,Tedmund,Caminauit,287000
556,Sidoney,Waihibar,287500
557,Myrtie,Bouillon,288000
558,Prince,Paris 13,288500
559,Dorelle,Changtan,289000
560,Mathe,Nasilava,289500
561,Marve,Nayoro,290000
562,Micheline,Yubileyny,290500
563,Deirdre,Düsseldorf,291000
564,Calv,Mahaplag,291500
565,Lucho,Tapakrejo,292000
566,Grissel,Fengcheng,292500
567,Quincey,Nanyanchuan,293000
568,Michaela,Sharkawshchyna,293500
569,Brodie,Kashima,294000
570,Frasco,Zhengcun,294500
571,Nerissa,Ivanteyevka,295000
572,Andros,Taoyuan,295500
573,Toinette,Longhua,296000
574,Nan,Citeguh,296500
575,Laurence,Qushi’an,297000
576,Arny,Rio Brilhante,297500
577,Teddie,Yishi,298000
578,Phip,Getazat,298500
579,Angelle,Magisterial,299000
580,Chaim,Okazaki,299500
581,Annemarie,Vredendal,300000
582,Debra,Kaltan,300500
583,Nickie,Verkhniye Osel’ki,301000
584,Raynard,Nazarje,301500
585,Hayes,Assis,302000
586,Gill,Voskopojë,302500
587,Pamela,Kuangyuan,303000
588,Moishe,Hŭngnam,303500
589,Saree,Águia Branca,304000
590,Marlyn,Placetas,304500
591,Von,Piñas,305000
592,Teodorico,Lirang,305500
593,Shaun,Uppsala,306000
594,Jolynn,Bang Lamung,306500
595,Carey,Wanli,307000
596,Richy,Agen,307500
597,Henrie,Aya,308000
598,Charleen,Ngujung,308500
599,Marillin,Bambas,309000
600,Gifford,Del Valle,309500
601,Amabel,Ixopo,310000
602,Yasmeen,Sabanalarga,310500
603,Calhoun,Nanyanchuan,311000
604,Newton,Stockholm,311500
605,Flynn,Sölvesborg,312000
606,Marcello,Niagara Falls,312500
607,Bondie,Pasadena,313000
608,Fionna,Sobang,313500
609,Annabella,Fazenda de Santa Cruz,314000
610,Torre,Bieligutai,314500
611,Ame,Santana de Parnaíba,315000
612,Angil,Colombo,315500
613,Richmond,Hedong,316000
614,Marylynne,Olenegorsk,316500
615,Doretta,Santa Valha,317000
616,Ree,Qiaozhen,317500
617,Grissel,Tulihe,318000
618,Annetta,Cikaras,318500
619,Deva,Žitenice,319000
620,Adelle,Potoni,319500
621,Kamilah,Andahuaylas,320000
622,Eileen,Arsenal,320500
623,Buiron,Sumanding,321000
624,Hynda,Thaba Nchu,321500
625,Inge,Ryglice,322000
626,Maegan,Alderetes,322500
627,Hettie,Arapongas,323000
628,Arron,Maochen,323500
629,Dino,Touho,324000
630,Kamilah,Vårgårda,324500
631,Eziechiele,Ćuprija,325000
632,Eileen,Tsaghkaber,325500
633,Basil,Kangar,326000
634,Kippar,Miłosław,326500
635,Jae,Zafar,327000
636,Krysta,Semenivka,327500
637,Lonny,Chełmiec,328000
638,Caprice,Bilohirs’k,328500
639,Albert,Bonao,329000
640,Matthias,Eastern Suburbs Mc,329500
641,Audre,Wairiang,330000
642,Rory,Saint-Augustin-de-Desmaures,330500
643,Sascha,Tanahmerah,331000
644,Casie,Vicente Guerrero,331500
645,Hermia,Presidencia Roque Sáenz Peña,332000
646,Benton,Wujiaying,332500
647,Rosalie,Taishan,333000
648,Tracey,Szczecinek,333500
649,Marje,Jangkungkusumo,334000
650,Tom,Jayapura,334500
651,Nollie,Podstrana,335000
652,Clarette,Sulak,335500
653,Dominique,Icó,336000
654,Maris,Alto Río Senguer,336500
655,Raquela,Divnomorskoye,337000
656,Twyla,Taishang,337500
657,Ora,Banjar Kampungbugis,338000
658,Glennie,Jõgeva,338500
659,Emiline,Pribrezhnyy,339000
660,Agneta,El Peñón,339500
661,Rafe,Gangkou,340000
662,Armin,Gustavsberg,340500
663,Yankee,Osh,341000
664,Pate,Istres,341500
665,Jordain,Guadalupe,342000
666,Jazmin,Santa Cruz,342500
667,Kareem,Al Mashāf,343000
668,Jamima,Chenzui,343500
669,Colan,Taiyang,344000
670,Ram,Xinglongquan,344500
671,Valentina,Tuhe,345000
672,Verene,Kocēni,345500
673,Cesya,Hepingyizu,346000
674,Cointon,Luocheng,346500
675,Nathaniel,Grand Rapids,347000
676,Milicent,Sunfang,347500
677,Madge,Qixing,348000
678,Berna,Chadi,348500
679,Lotte,Krenggan,349000
680,Clare,Laohekou,349500
681,Lucita,Leme,350000
682,Howie,Maroa,350500
683,Hal,Aleksandrovka,351000
684,Timmie,Lanchkhuti,351500
685,Early,Sa Bot,352000
686,Robb,São Gonçalo do Amarante,352500
687,Vin,Rungkang,353000
688,Coreen,Takeo,353500
689,Rosie,Kertasari,354000
690,Cari,Maogang,354500
691,Dougie,Kambingan,355000
692,Emmye,Haodian,355500
693,Dorie,Dvorovi,356000
694,Vicki,Bolhos,356500
695,Francene,Радовиш,357000
696,Erina,Yambio,357500
697,Oby,Americana,358000
698,Al,Chinhoyi,358500
699,Yettie,Turinsk,359000
700,Nobe,Hod HaSharon,359500
701,Stephanus,Kuching,360000
702,Starr,Masaran,360500
703,Noach,Cincinnati,361000
704,Codie,Xishanzui,361500
705,Lanette,Kuala Terengganu,362000
706,Eleanore,Risālpur,362500
707,Maryjane,Changqiao,363000
708,Larina,Manta,363500
709,Abdel,Banjar Dukuh,364000
710,Aida,Aného,364500
711,Verile,Torrance,365000
712,Danya,Corral,365500
713,Ruprecht,Quận Mười,366000
714,Sela,Thành Phố Thái Bình,366500
715,Ilyse,Paris 01,367000
716,Rees,Kuala Lumpur,367500
717,Eberhard,Liaonan,368000
718,Koralle,Ronggui,368500
719,Halley,Funehikimachi-funehiki,369000
720,Cirillo,San Miguel,369500
721,Koralle,Zwettl,370000
722,Netty,Tanahmerah,370500
723,Hebert,Toshbuloq,371000
724,Maryann,Spring,371500
725,Gabriela,Yongjiu,372000
726,Valentia,Tarragona,372500
727,Uriel,Felgueiras,373000
728,Josiah,Ostrov,373500
729,Lenka,Sanhu,374000
730,Zachary,Yekaterinovka,374500
731,Washington,Estelí,375000
732,Philly,Dzyatlava,375500
733,Garv,Komletinci,376000
734,Kriste,Videira,376500
735,Kylila,Foz Sousa,377000
736,Manolo,Tenjolaya,377500
737,Brewer,Lyakhovtsy,378000
738,Ignatius,Sapataria,378500
739,Matthaeus,Primorsko-Akhtarsk,379000
740,Massimo,Alcains,379500
741,Maritsa,Saint Augustine,380000
742,Merrili,Ozimek,380500
743,Loren,Laohugang,381000
744,Valeda,Obninsk,381500
745,Greg,Shamva,382000
746,Licha,Skiáthos,382500
747,Carmita,Preserje pri Radomljah,383000
748,Ina,Watulabara,383500
749,Lenna,Danxi,384000
750,Megen,Tassin-la-Demi-Lune,384500
751,Adrianna,Dazhangzhuang,385000
752,Valle,Ylitornio,385500
753,Leia,Lille,386000
754,Martguerita,Vitry-sur-Seine,386500
755,Ham,Hengli,387000
756,Rodrique,Amurzet,387500
757,Stacee,Laventure,388000
758,Wilmer,Marka,388500
759,Kristel,Villarrica,389000
760,Frasquito,Ô Môn,389500
761,Tommie,Donostia-San Sebastian,390000
762,Jeffrey,Hanchang,390500
763,Joscelin,Augusta,391000
764,Rhys,Comitancillo,391500
765,Iolanthe,Pinheiral,392000
766,Mattie,Shishan,392500
767,Dame,Shiroi,393000
768,Pebrook,Levallois-Perret,393500
769,Pris,Ronneby,394000
770,Dall,Diavatós,394500
771,Wilton,Kuczbork-Osada,395000
772,Culley,Uyutne,395500
773,Jany,Huanshan,396000
774,Tommie,Zhongying,396500
775,Agnes,Castro,397000
776,Tobe,Osogbo,397500
777,Star,Río Grande,398000
778,Lorraine,Gorbatov,398500
779,Tonya,Rundeng,399000
780,Rickert,Las Yaras,399500
781,Rozamond,Chōfugaoka,400000
782,Roy,Río Blanquito,400500
783,Ximenez,Ghormach,401000
784,Trefor,Komono,401500
785,Othello,San José de Mayo,402000
786,Fredek,Colonia Mauricio José Troche,402500
787,Thomasin,Borjomi,403000
788,Katina,Buffalo,403500
789,Rochelle,Muzaffargarh,404000
790,Baxie,Nangabulik,404500
791,Dela,Kabalen,405000
792,Marvin,San Miguel de Tucumán,405500
793,Sarine,Carcassonne,406000
794,Lotte,Kardítsa,406500
795,Karoly,Kanthararom,407000
796,Antonino,Simpang,407500
797,Wildon,Conchal,408000
798,Brose,Bailizhou,408500
799,Skelly,Pionerskiy,409000
800,Findley,Arkhaía Kórinthos,409500
801,Brynn,Otradnoye,410000
802,Cleopatra,Sete Lagoas,410500
803,Rachel,Radeče,411000
804,Enoch,Yinjiaxi,411500
805,Jerome,Balindong,412000
806,Brew,Shun’ga,412500
807,L;urette,Chiara,413000
808,Becca,Cisalakdesa,413500
809,Hogan,Giado,414000
810,Josiah,Lentisqueira,414500
811,Albert,Hashimoto,415000
812,Nicolette,Hòa Bình,415500
813,Monique,Thouars,416000
814,Urbanus,Tirat Karmel,416500
815,Gael,Santo Tomas,417000
816,Blake,Garden Grove,417500
817,Lynett,San Agustín,418000
818,Gizela,Bihać,418500
819,Tobi,Xushan,419000
820,Nannette,Songping,419500
821,Drud,København,420000
822,Launce,Petrov,420500
823,Bambi,Mubende,421000
824,Stesha,Crumlin,421500
825,Miranda,São Paulo de Olivença,422000
826,Creighton,Pante Raja,422500
827,Barbabra,Nizhnyaya Maktama,423000
828,Anestassia,Kagal’nitskaya,423500
829,Peirce,Salamá,424000
830,Courtnay,Bharatpur,424500
831,Angelica,Danjiangkou,425000
832,Massimiliano,Izvestkovyy,425500
833,Celisse,Ludvika,426000
834,Inglis,Rokietnica,426500
835,Rhoda,Maguyam,427000
836,Francklin,Johnson City,427500
837,Rochester,Aurelliana,428000
838,Ashlan,Lamduan,428500
839,Hinda,Sumberrejo,429000
840,Rickert,Dranoc,429500
841,Kirstin,Evijärvi,430000
842,Gerta,Novomoskovsk,430500
843,Billy,Thị Trấn Yên Châu,431000
844,Irv,Georgiyevka,431500
845,Silvan,Kiernozia,432000
846,Sybyl,Tanjungpati,432500
847,Mead,Timon,433000
848,Leighton,Rancho Viejo,433500
849,Lauralee,Salamwates,434000
850,Debora,Sung Noen,434500
851,Aile,Chiquinquirá,435000
852,Bren,Rizal,435500
853,Laurence,Sevilla,436000
854,Jannelle,Huangchi,436500
855,Alexa,Fengcun,437000
856,Myrle,Xiangshan,437500
857,Meryl,Shanhou,438000
858,Gwenni,Lubochnia,438500
859,Alfy,Raminho,439000
860,Hurleigh,Zdenci,439500
861,Vivianne,Getazat,440000
862,Judas,Taloko,440500
863,Xavier,Twardogóra,441000
864,Aretha,Uva,441500
865,Ian,Carleton-sur-Mer,442000
866,Redd,Kalibuntu,442500
867,Pierette,Bulacnin,443000
868,Babb,Kampungdesa,443500
869,Vivianna,Escazú,444000
870,Sofia,Dayton,444500
871,Blinni,Jilong,445000
872,Worthington,Cuauhtemoc,445500
873,Cesya,Luohe,446000
874,Kiley,Hanamaki,446500
875,Esta,Cigintung,447000
876,Faye,Bambuí,447500
877,Kathi,Angatel,448000
878,Matti,Saldanha,448500
879,Christophe,Tumen,449000
880,Gregoire,San Justo,449500
881,Shalna,Boulogne-Billancourt,450000
882,Drucy,Fonseca,450500
883,Marietta,Yanagawa,451000
884,Staffard,Kharlu,451500
885,Dagmar,Camachile,452000
886,Gerty,Raškovice,452500
887,Eve,Foumbouni,453000
888,Lou,Nová Paka,453500
889,Darrell,Lingdangge,454000
890,Casey,Prosvet,454500
891,Joli,Baş Göynük,455000
892,Catha,Al Hijrah,455500
893,Sawyer,Dasha,456000
894,Whitaker,Brampton,456500
895,Katinka,Tyret’ Pervaya,457000
896,Laurel,Garden Grove,457500
897,Angie,Shihuiqiao,458000
898,Shermy,Mthatha,458500
899,Fonzie,Anáfi,459000
900,Dominica,Tonantins,459500
901,Gery,Krzęcin,460000
902,Nancey,Orléans,460500
903,Yasmin,Manique,461000
904,Frants,Carianos,461500
905,Harmonia,San Luis,462000
906,Randal,Oliveirinha,462500
907,Bailey,Santo Niño,463000
908,Timothy,Fushë-Bulqizë,463500
909,Berke,Suai,464000
910,Mureil,Napnapan,464500
911,Gran,Troitskoye,465000
912,Golda,Sępopol,465500
913,Guss,Kutloanong,466000
914,Mendy,Xinhua,466500
915,Elaina,Mocoa,467000
916,Murielle,Gumalang,467500
917,Alexandr,Izumi,468000
918,Norry,Sovetskoye,468500
919,Virgina,Columbeira,469000
920,Kale,Namyangju,469500
921,Heddie,Aktsyabrski,470000
922,Padget,Joal-Fadiout,470500
923,Jimmie,Nowosielce,471000
924,Viviene,Frashër,471500
925,Myles,Ewirgol,472000
926,Wilie,Nema,472500
927,Nonna,Mobaye,473000
928,Mareah,Nikita,473500
929,Hersh,Divnoye,474000
930,Selene,Gaopeng,474500
931,Sharron,Gaojiazhuang,475000
932,Zitella,Belfast,475500
933,Reagan,Sadao,476000
934,Jamima,Ōgaki,476500
935,Cosetta,Marxog,477000
936,Ianthe,Kuhmalahti,477500
937,Kent,Nizhniy Dzhengutay,478000
938,Alvy,Kundung,478500
939,Karlyn,Linköping,479000
940,Moina,Cuauhtemoc,479500
941,Suzi,Sainte-Luce-sur-Loire,480000
942,Glendon,Fort-de-France,480500
943,Tymothy,Volot,481000
944,Napoleon,Ja Ela,481500
945,Olav,Bouzov,482000
946,Alexandra,Beicang,482500
947,Abigale,Xiakouyi,483000
948,Corri,Lagoa,483500
949,Sandor,Chenghe,484000
950,Cathrine,Shiqiao,484500
951,Shawn,Saint Joseph,485000
952,Gard,Maple Ridge,485500
953,Kelsey,Kindu,486000
954,Reese,Tanjung Pandan,486500
955,Carlynne,Toyama-shi,487000
956,Deina,Proletar,487500
957,Rhys,Dayin,488000
958,Andonis,Santa Cruz,488500
959,Hillary,Ban Dung,489000
960,Shaun,Bungkal,489500
961,Melinda,Tubod,490000
962,Lanie,Неготино,490500
963,Mace,Ruše,491000
964,Melony,Alivéri,491500
965,Tiffie,Żółkiewka,492000
966,Harrietta,Santol,492500
967,Renaldo,Wuxia,493000
968,Ado,Pojok,493500
969,Tito,Pustomyty,494000
970,Abby,Lille,494500
971,Galen,Termas de Río Hondo,495000
972,Loria,Takanini,495500
973,Isak,Shankill,496000
974,Roderick,Newark,496500
975,Elita,Furong,497000
976,Arthur,Dado,497500
977,Alissa,Guadalupe,498000
978,Seana,Zamoskvorech’ye,498500
979,Montague,Ijebu-Ife,499000
980,Dorthea,San Juan,499500
981,Car,Kembangarum,500000
982,Farleigh,Herong,500500
983,Helena,Yunmen,501000
984,Winthrop,Riyue,501500
985,Gratiana,Speightstown,502000
986,Kissee,Viana,502500
987,Francis,Khallat Ḩamāmah,503000
988,Baillie,Beberon,503500
989,Augusta,Zamora,504000
990,Blisse,Madala,504500
991,Koressa,Madang,505000
992,Vincents,Gravataí,505500
993,Xever,Helong,506000
994,Shaylyn,Socabaya,506500
995,Auguste,Ballyjamesduff,507000
996,Almeria,Chipaque,507500
997,Andriette,Icononzo,508000
998,Douglas,Mikołów,508500
999,Shelli,Seixal,509000
1000,Brice,Lefortovo,509500
